"main_id";"language";"template";"score_func";"subscales";"layout";"level"
"TMLP_0000_L1";"de";"5-option multiple choice";"function(x) x+0";"expression";"vertical";"L1"
"TMLP_0000_L1";"en";"5-option multiple choice";"function(x) x+0";"expression";"vertical";"L1"
"TMLP_0000_L2";"de";"5-option multiple choice";"function(x) x+0";"expression";"vertical";"L2"
"TMLP_0000_L2";"en";"5-option multiple choice";"function(x) x+0";"expression";"vertical";"L2"
"TMLP_0000_L3";"de";"5-option multiple choice";"function(x) x+0";"expression";"vertical";"L3"
"TMLP_0000_L3";"en";"5-option multiple choice";"function(x) x+0";"expression";"vertical";"L3"
"TMLP_0001_L1";"de";"5-option multiple choice";"function(x) x+0";"expression";"vertical";"L1"
"TMLP_0001_L1";"en";"5-option multiple choice";"function(x) x+0";"expression";"vertical";"L1"
"TMLP_0001_L2";"de";"5-option multiple choice";"function(x) x+0";"expression";"vertical";"L2"
"TMLP_0001_L2";"en";"5-option multiple choice";"function(x) x+0";"expression";"vertical";"L2"
"TMLP_0001_L3";"de";"5-option multiple choice";"function(x) x+0";"expression";"vertical";"L3"
"TMLP_0001_L3";"en";"5-option multiple choice";"function(x) x+0";"expression";"vertical";"L3"
"TMLP_0003_L1";"de";"5-option multiple choice";"function(x) x+0";"overall";"vertical";"L1"
"TMLP_0003_L1";"en";"5-option multiple choice";"function(x) x+0";"overall";"vertical";"L1"
"TMLP_0003_L2";"de";"5-option multiple choice";"function(x) x+0";"overall";"vertical";"L2"
"TMLP_0003_L2";"en";"5-option multiple choice";"function(x) x+0";"overall";"vertical";"L2"
"TMLP_0003_L3";"de";"5-option multiple choice";"function(x) x+0";"overall";"vertical";"L3"
"TMLP_0003_L3";"en";"5-option multiple choice";"function(x) x+0";"overall";"vertical";"L3"
"TMLP_0004_L1";"de";"5-option multiple choice";"function(x) x+0";"overall";"vertical";"L1"
"TMLP_0004_L1";"en";"5-option multiple choice";"function(x) x+0";"overall";"vertical";"L1"
"TMLP_0004_L2";"de";"5-option multiple choice";"function(x) x+0";"overall";"vertical";"L2"
"TMLP_0004_L2";"en";"5-option multiple choice";"function(x) x+0";"overall";"vertical";"L2"
"TMLP_0004_L3";"de";"5-option multiple choice";"function(x) x+0";"overall";"vertical";"L3"
"TMLP_0004_L3";"en";"5-option multiple choice";"function(x) x+0";"overall";"vertical";"L3"
"TMLP_0005_L1";"de";"5-option multiple choice";"function(x) x+0";"technique";"vertical";"L1"
"TMLP_0005_L1";"en";"5-option multiple choice";"function(x) x+0";"technique";"vertical";"L1"
"TMLP_0005_L2";"de";"5-option multiple choice";"function(x) x+0";"technique";"vertical";"L2"
"TMLP_0005_L2";"en";"5-option multiple choice";"function(x) x+0";"technique";"vertical";"L2"
"TMLP_0005_L3";"de";"5-option multiple choice";"function(x) x+0";"technique";"vertical";"L3"
"TMLP_0005_L3";"en";"5-option multiple choice";"function(x) x+0";"technique";"vertical";"L3"
"TMLP_0006_L1";"de";"5-option multiple choice";"function(x) x+0";"technique";"vertical";"L1"
"TMLP_0006_L1";"en";"5-option multiple choice";"function(x) x+0";"technique";"vertical";"L1"
"TMLP_0006_L2";"de";"5-option multiple choice";"function(x) x+0";"technique";"vertical";"L2"
"TMLP_0006_L2";"en";"5-option multiple choice";"function(x) x+0";"technique";"vertical";"L2"
"TMLP_0006_L3";"de";"5-option multiple choice";"function(x) x+0";"technique";"vertical";"L3"
"TMLP_0006_L3";"en";"5-option multiple choice";"function(x) x+0";"technique";"vertical";"L3"
"TMLP_0007_L1";"de";"5-option multiple choice";"function(x) x+0";"technique";"vertical";"L1"
"TMLP_0007_L1";"en";"5-option multiple choice";"function(x) x+0";"technique";"vertical";"L1"
"TMLP_0007_L2";"de";"5-option multiple choice";"function(x) x+0";"technique";"vertical";"L2"
"TMLP_0007_L2";"en";"5-option multiple choice";"function(x) x+0";"technique";"vertical";"L2"
"TMLP_0007_L3";"de";"5-option multiple choice";"function(x) x+0";"technique";"vertical";"L3"
"TMLP_0007_L3";"en";"5-option multiple choice";"function(x) x+0";"technique";"vertical";"L3"
"TMLP_0009_L1";"de";"5-option multiple choice";"function(x) x+0";"technique";"vertical";"L1"
"TMLP_0009_L1";"en";"5-option multiple choice";"function(x) x+0";"technique";"vertical";"L1"
"TMLP_0009_L2";"de";"5-option multiple choice";"function(x) x+0";"technique";"vertical";"L2"
"TMLP_0009_L2";"en";"5-option multiple choice";"function(x) x+0";"technique";"vertical";"L2"
"TMLP_0009_L3";"de";"5-option multiple choice";"function(x) x+0";"technique";"vertical";"L3"
"TMLP_0009_L3";"en";"5-option multiple choice";"function(x) x+0";"technique";"vertical";"L3"
"TMLP_0010_L1";"de";"5-option multiple choice";"function(x) x+0";"technique";"vertical";"L1"
"TMLP_0010_L1";"en";"5-option multiple choice";"function(x) x+0";"technique";"vertical";"L1"
"TMLP_0010_L2";"de";"5-option multiple choice";"function(x) x+0";"technique";"vertical";"L2"
"TMLP_0010_L2";"en";"5-option multiple choice";"function(x) x+0";"technique";"vertical";"L2"
"TMLP_0010_L3";"de";"5-option multiple choice";"function(x) x+0";"technique";"vertical";"L3"
"TMLP_0010_L3";"en";"5-option multiple choice";"function(x) x+0";"technique";"vertical";"L3"
"TMLP_0011_L1";"de";"5-option multiple choice";"function(x) x+0";"technique";"vertical";"L1"
"TMLP_0011_L1";"en";"5-option multiple choice";"function(x) x+0";"technique";"vertical";"L1"
"TMLP_0011_L2";"de";"5-option multiple choice";"function(x) x+0";"technique";"vertical";"L2"
"TMLP_0011_L2";"en";"5-option multiple choice";"function(x) x+0";"technique";"vertical";"L2"
"TMLP_0011_L3";"de";"5-option multiple choice";"function(x) x+0";"technique";"vertical";"L3"
"TMLP_0011_L3";"en";"5-option multiple choice";"function(x) x+0";"technique";"vertical";"L3"
"TMLP_0012_L1";"de";"5-option multiple choice";"function(x) x+0";"woodwind";"vertical";"L1"
"TMLP_0012_L1";"en";"5-option multiple choice";"function(x) x+0";"woodwind";"vertical";"L1"
"TMLP_0012_L2";"de";"5-option multiple choice";"function(x) x+0";"woodwind";"vertical";"L2"
"TMLP_0012_L2";"en";"5-option multiple choice";"function(x) x+0";"woodwind";"vertical";"L2"
"TMLP_0012_L3";"de";"5-option multiple choice";"function(x) x+0";"woodwind";"vertical";"L3"
"TMLP_0012_L3";"en";"5-option multiple choice";"function(x) x+0";"woodwind";"vertical";"L3"
"TMLP_0013_L1";"de";"5-option multiple choice";"function(x) x+0";"woodwind";"vertical";"L1"
"TMLP_0013_L1";"en";"5-option multiple choice";"function(x) x+0";"woodwind";"vertical";"L1"
"TMLP_0013_L2";"de";"5-option multiple choice";"function(x) x+0";"woodwind";"vertical";"L2"
"TMLP_0013_L2";"en";"5-option multiple choice";"function(x) x+0";"woodwind";"vertical";"L2"
"TMLP_0013_L3";"de";"5-option multiple choice";"function(x) x+0";"woodwind";"vertical";"L3"
"TMLP_0013_L3";"en";"5-option multiple choice";"function(x) x+0";"woodwind";"vertical";"L3"
"TMLP_0014_L1";"de";"5-option multiple choice";"function(x) x+0";"woodwind";"vertical";"L1"
"TMLP_0014_L1";"en";"5-option multiple choice";"function(x) x+0";"woodwind";"vertical";"L1"
"TMLP_0014_L2";"de";"5-option multiple choice";"function(x) x+0";"woodwind";"vertical";"L2"
"TMLP_0014_L2";"en";"5-option multiple choice";"function(x) x+0";"woodwind";"vertical";"L2"
"TMLP_0014_L3";"de";"5-option multiple choice";"function(x) x+0";"woodwind";"vertical";"L3"
"TMLP_0014_L3";"en";"5-option multiple choice";"function(x) x+0";"woodwind";"vertical";"L3"
"TMLP_0015_L1";"de";"5-option multiple choice";"function(x) x+0";"woodwind";"vertical";"L1"
"TMLP_0015_L1";"en";"5-option multiple choice";"function(x) x+0";"woodwind";"vertical";"L1"
"TMLP_0015_L2";"de";"5-option multiple choice";"function(x) x+0";"woodwind";"vertical";"L2"
"TMLP_0015_L2";"en";"5-option multiple choice";"function(x) x+0";"woodwind";"vertical";"L2"
"TMLP_0015_L3";"de";"5-option multiple choice";"function(x) x+0";"woodwind";"vertical";"L3"
"TMLP_0015_L3";"en";"5-option multiple choice";"function(x) x+0";"woodwind";"vertical";"L3"
"TMLP_0016_L1";"de";"5-option multiple choice";"function(x) x+0";"woodwind";"vertical";"L1"
"TMLP_0016_L1";"en";"5-option multiple choice";"function(x) x+0";"woodwind";"vertical";"L1"
"TMLP_0016_L2";"de";"5-option multiple choice";"function(x) x+0";"woodwind";"vertical";"L2"
"TMLP_0016_L2";"en";"5-option multiple choice";"function(x) x+0";"woodwind";"vertical";"L2"
"TMLP_0016_L3";"de";"5-option multiple choice";"function(x) x+0";"woodwind";"vertical";"L3"
"TMLP_0016_L3";"en";"5-option multiple choice";"function(x) x+0";"woodwind";"vertical";"L3"
"TMLP_0017_L1";"de";"5-option multiple choice";"function(x) x+0";"woodwind";"vertical";"L1"
"TMLP_0017_L1";"en";"5-option multiple choice";"function(x) x+0";"woodwind";"vertical";"L1"
"TMLP_0017_L2";"de";"5-option multiple choice";"function(x) x+0";"woodwind";"vertical";"L2"
"TMLP_0017_L2";"en";"5-option multiple choice";"function(x) x+0";"woodwind";"vertical";"L2"
"TMLP_0017_L3";"de";"5-option multiple choice";"function(x) x+0";"woodwind";"vertical";"L3"
"TMLP_0017_L3";"en";"5-option multiple choice";"function(x) x+0";"woodwind";"vertical";"L3"
"TMLP_0018_L1";"de";"5-option multiple choice";"function(x) x+0";"guitar";"vertical";"L1"
"TMLP_0018_L1";"en";"5-option multiple choice";"function(x) x+0";"guitar";"vertical";"L1"
"TMLP_0018_L2";"de";"5-option multiple choice";"function(x) x+0";"guitar";"vertical";"L2"
"TMLP_0018_L2";"en";"5-option multiple choice";"function(x) x+0";"guitar";"vertical";"L2"
"TMLP_0018_L3";"de";"5-option multiple choice";"function(x) x+0";"guitar";"vertical";"L3"
"TMLP_0018_L3";"en";"5-option multiple choice";"function(x) x+0";"guitar";"vertical";"L3"
"TMLP_0019_L1";"de";"5-option multiple choice";"function(x) x+0";"guitar";"vertical";"L1"
"TMLP_0019_L1";"en";"5-option multiple choice";"function(x) x+0";"guitar";"vertical";"L1"
"TMLP_0019_L2";"de";"5-option multiple choice";"function(x) x+0";"guitar";"vertical";"L2"
"TMLP_0019_L2";"en";"5-option multiple choice";"function(x) x+0";"guitar";"vertical";"L2"
"TMLP_0019_L3";"de";"5-option multiple choice";"function(x) x+0";"guitar";"vertical";"L3"
"TMLP_0019_L3";"en";"5-option multiple choice";"function(x) x+0";"guitar";"vertical";"L3"
"TMLP_0020_L1";"de";"5-option multiple choice";"function(x) x+0";"guitar";"vertical";"L1"
"TMLP_0020_L1";"en";"5-option multiple choice";"function(x) x+0";"guitar";"vertical";"L1"
"TMLP_0020_L2";"de";"5-option multiple choice";"function(x) x+0";"guitar";"vertical";"L2"
"TMLP_0020_L2";"en";"5-option multiple choice";"function(x) x+0";"guitar";"vertical";"L2"
"TMLP_0020_L3";"de";"5-option multiple choice";"function(x) x+0";"guitar";"vertical";"L3"
"TMLP_0020_L3";"en";"5-option multiple choice";"function(x) x+0";"guitar";"vertical";"L3"
"TMLP_0021_L1";"de";"5-option multiple choice";"function(x) x+0";"guitar";"vertical";"L1"
"TMLP_0021_L1";"en";"5-option multiple choice";"function(x) x+0";"guitar";"vertical";"L1"
"TMLP_0021_L2";"de";"5-option multiple choice";"function(x) x+0";"guitar";"vertical";"L2"
"TMLP_0021_L2";"en";"5-option multiple choice";"function(x) x+0";"guitar";"vertical";"L2"
"TMLP_0021_L3";"de";"5-option multiple choice";"function(x) x+0";"guitar";"vertical";"L3"
"TMLP_0021_L3";"en";"5-option multiple choice";"function(x) x+0";"guitar";"vertical";"L3"
"TMLP_0022_L1";"de";"5-option multiple choice";"function(x) x+0";"brass";"vertical";"L1"
"TMLP_0022_L1";"en";"5-option multiple choice";"function(x) x+0";"brass";"vertical";"L1"
"TMLP_0022_L2";"de";"5-option multiple choice";"function(x) x+0";"brass";"vertical";"L2"
"TMLP_0022_L2";"en";"5-option multiple choice";"function(x) x+0";"brass";"vertical";"L2"
"TMLP_0022_L3";"de";"5-option multiple choice";"function(x) x+0";"brass";"vertical";"L3"
"TMLP_0022_L3";"en";"5-option multiple choice";"function(x) x+0";"brass";"vertical";"L3"
"TMLP_0023_L1";"de";"5-option multiple choice";"function(x) x+0";"brass";"vertical";"L1"
"TMLP_0023_L1";"en";"5-option multiple choice";"function(x) x+0";"brass";"vertical";"L1"
"TMLP_0023_L2";"de";"5-option multiple choice";"function(x) x+0";"brass";"vertical";"L2"
"TMLP_0023_L2";"en";"5-option multiple choice";"function(x) x+0";"brass";"vertical";"L2"
"TMLP_0023_L3";"de";"5-option multiple choice";"function(x) x+0";"brass";"vertical";"L3"
"TMLP_0023_L3";"en";"5-option multiple choice";"function(x) x+0";"brass";"vertical";"L3"
"TMLP_0024_L1";"de";"5-option multiple choice";"function(x) x+0";"brass";"vertical";"L1"
"TMLP_0024_L1";"en";"5-option multiple choice";"function(x) x+0";"brass";"vertical";"L1"
"TMLP_0024_L2";"de";"5-option multiple choice";"function(x) x+0";"brass";"vertical";"L2"
"TMLP_0024_L2";"en";"5-option multiple choice";"function(x) x+0";"brass";"vertical";"L2"
"TMLP_0024_L3";"de";"5-option multiple choice";"function(x) x+0";"brass";"vertical";"L3"
"TMLP_0024_L3";"en";"5-option multiple choice";"function(x) x+0";"brass";"vertical";"L3"
"TMLP_0025_L1";"de";"5-option multiple choice";"function(x) x+0";"brass";"vertical";"L1"
"TMLP_0025_L1";"en";"5-option multiple choice";"function(x) x+0";"brass";"vertical";"L1"
"TMLP_0025_L2";"de";"5-option multiple choice";"function(x) x+0";"brass";"vertical";"L2"
"TMLP_0025_L2";"en";"5-option multiple choice";"function(x) x+0";"brass";"vertical";"L2"
"TMLP_0025_L3";"de";"5-option multiple choice";"function(x) x+0";"brass";"vertical";"L3"
"TMLP_0025_L3";"en";"5-option multiple choice";"function(x) x+0";"brass";"vertical";"L3"
"TMLP_0026_L1";"de";"5-option multiple choice";"function(x) x+0";"strings";"vertical";"L1"
"TMLP_0026_L1";"en";"5-option multiple choice";"function(x) x+0";"strings";"vertical";"L1"
"TMLP_0026_L2";"de";"5-option multiple choice";"function(x) x+0";"strings";"vertical";"L2"
"TMLP_0026_L2";"en";"5-option multiple choice";"function(x) x+0";"strings";"vertical";"L2"
"TMLP_0026_L3";"de";"5-option multiple choice";"function(x) x+0";"strings";"vertical";"L3"
"TMLP_0026_L3";"en";"5-option multiple choice";"function(x) x+0";"strings";"vertical";"L3"
"TMLP_0027_L1";"de";"5-option multiple choice";"function(x) x+0";"strings";"vertical";"L1"
"TMLP_0027_L1";"en";"5-option multiple choice";"function(x) x+0";"strings";"vertical";"L1"
"TMLP_0027_L2";"de";"5-option multiple choice";"function(x) x+0";"strings";"vertical";"L2"
"TMLP_0027_L2";"en";"5-option multiple choice";"function(x) x+0";"strings";"vertical";"L2"
"TMLP_0027_L3";"de";"5-option multiple choice";"function(x) x+0";"strings";"vertical";"L3"
"TMLP_0027_L3";"en";"5-option multiple choice";"function(x) x+0";"strings";"vertical";"L3"
"TMLP_0028_L1";"de";"5-option multiple choice";"function(x) x+0";"strings";"vertical";"L1"
"TMLP_0028_L1";"en";"5-option multiple choice";"function(x) x+0";"strings";"vertical";"L1"
"TMLP_0028_L2";"de";"5-option multiple choice";"function(x) x+0";"strings";"vertical";"L2"
"TMLP_0028_L2";"en";"5-option multiple choice";"function(x) x+0";"strings";"vertical";"L2"
"TMLP_0028_L3";"de";"5-option multiple choice";"function(x) x+0";"strings";"vertical";"L3"
"TMLP_0028_L3";"en";"5-option multiple choice";"function(x) x+0";"strings";"vertical";"L3"
"TMLP_0029_L1";"de";"5-option multiple choice";"function(x) x+0";"strings";"vertical";"L1"
"TMLP_0029_L1";"en";"5-option multiple choice";"function(x) x+0";"strings";"vertical";"L1"
"TMLP_0029_L2";"de";"5-option multiple choice";"function(x) x+0";"strings";"vertical";"L2"
"TMLP_0029_L2";"en";"5-option multiple choice";"function(x) x+0";"strings";"vertical";"L2"
"TMLP_0029_L3";"de";"5-option multiple choice";"function(x) x+0";"strings";"vertical";"L3"
"TMLP_0029_L3";"en";"5-option multiple choice";"function(x) x+0";"strings";"vertical";"L3"
"TMLP_0030_L1";"de";"5-option multiple choice";"function(x) x+0";"strings";"vertical";"L1"
"TMLP_0030_L1";"en";"5-option multiple choice";"function(x) x+0";"strings";"vertical";"L1"
"TMLP_0030_L2";"de";"5-option multiple choice";"function(x) x+0";"strings";"vertical";"L2"
"TMLP_0030_L2";"en";"5-option multiple choice";"function(x) x+0";"strings";"vertical";"L2"
"TMLP_0030_L3";"de";"5-option multiple choice";"function(x) x+0";"strings";"vertical";"L3"
"TMLP_0030_L3";"en";"5-option multiple choice";"function(x) x+0";"strings";"vertical";"L3"
"TMLP_0031_L1";"de";"5-option multiple choice";"function(x) x+0";"piano";"vertical";"L1"
"TMLP_0031_L1";"en";"5-option multiple choice";"function(x) x+0";"piano";"vertical";"L1"
"TMLP_0031_L2";"de";"5-option multiple choice";"function(x) x+0";"piano";"vertical";"L2"
"TMLP_0031_L2";"en";"5-option multiple choice";"function(x) x+0";"piano";"vertical";"L2"
"TMLP_0031_L3";"de";"5-option multiple choice";"function(x) x+0";"piano";"vertical";"L3"
"TMLP_0031_L3";"en";"5-option multiple choice";"function(x) x+0";"piano";"vertical";"L3"
"TMLP_0032_L1";"de";"5-option multiple choice";"function(x) x+0";"piano";"vertical";"L1"
"TMLP_0032_L1";"en";"5-option multiple choice";"function(x) x+0";"piano";"vertical";"L1"
"TMLP_0032_L2";"de";"5-option multiple choice";"function(x) x+0";"piano";"vertical";"L2"
"TMLP_0032_L2";"en";"5-option multiple choice";"function(x) x+0";"piano";"vertical";"L2"
"TMLP_0032_L3";"de";"5-option multiple choice";"function(x) x+0";"piano";"vertical";"L3"
"TMLP_0032_L3";"en";"5-option multiple choice";"function(x) x+0";"piano";"vertical";"L3"
"TMLP_0033_L1";"de";"5-option multiple choice";"function(x) x+0";"piano";"vertical";"L1"
"TMLP_0033_L1";"en";"5-option multiple choice";"function(x) x+0";"piano";"vertical";"L1"
"TMLP_0033_L2";"de";"5-option multiple choice";"function(x) x+0";"piano";"vertical";"L2"
"TMLP_0033_L2";"en";"5-option multiple choice";"function(x) x+0";"piano";"vertical";"L2"
"TMLP_0033_L3";"de";"5-option multiple choice";"function(x) x+0";"piano";"vertical";"L3"
"TMLP_0033_L3";"en";"5-option multiple choice";"function(x) x+0";"piano";"vertical";"L3"
"TMLP_0035_L1";"de";"5-option multiple choice";"function(x) x+0";"automatic_controlled";"vertical";"L1"
"TMLP_0035_L1";"en";"5-option multiple choice";"function(x) x+0";"automatic_controlled";"vertical";"L1"
"TMLP_0035_L2";"de";"5-option multiple choice";"function(x) x+0";"automatic_controlled";"vertical";"L2"
"TMLP_0035_L2";"en";"5-option multiple choice";"function(x) x+0";"automatic_controlled";"vertical";"L2"
"TMLP_0035_L3";"de";"5-option multiple choice";"function(x) x+0";"automatic_controlled";"vertical";"L3"
"TMLP_0035_L3";"en";"5-option multiple choice";"function(x) x+0";"automatic_controlled";"vertical";"L3"
"TMLP_0036_L1";"de";"5-option multiple choice";"function(x) x+0";"automatic_controlled";"vertical";"L1"
"TMLP_0036_L1";"en";"5-option multiple choice";"function(x) x+0";"automatic_controlled";"vertical";"L1"
"TMLP_0036_L2";"de";"5-option multiple choice";"function(x) x+0";"automatic_controlled";"vertical";"L2"
"TMLP_0036_L2";"en";"5-option multiple choice";"function(x) x+0";"automatic_controlled";"vertical";"L2"
"TMLP_0036_L3";"de";"5-option multiple choice";"function(x) x+0";"automatic_controlled";"vertical";"L3"
"TMLP_0036_L3";"en";"5-option multiple choice";"function(x) x+0";"automatic_controlled";"vertical";"L3"
"TMLP_0037_L1";"de";"5-option multiple choice";"function(x) x+0";"automatic_controlled";"vertical";"L1"
"TMLP_0037_L1";"en";"5-option multiple choice";"function(x) x+0";"automatic_controlled";"vertical";"L1"
"TMLP_0037_L2";"de";"5-option multiple choice";"function(x) x+0";"automatic_controlled";"vertical";"L2"
"TMLP_0037_L2";"en";"5-option multiple choice";"function(x) x+0";"automatic_controlled";"vertical";"L2"
"TMLP_0037_L3";"de";"5-option multiple choice";"function(x) x+0";"automatic_controlled";"vertical";"L3"
"TMLP_0037_L3";"en";"5-option multiple choice";"function(x) x+0";"automatic_controlled";"vertical";"L3"
"TMLP_0038_L1";"de";"5-option multiple choice";"function(x) x+0";"automatic_controlled";"vertical";"L1"
"TMLP_0038_L1";"en";"5-option multiple choice";"function(x) x+0";"automatic_controlled";"vertical";"L1"
"TMLP_0038_L2";"de";"5-option multiple choice";"function(x) x+0";"automatic_controlled";"vertical";"L2"
"TMLP_0038_L2";"en";"5-option multiple choice";"function(x) x+0";"automatic_controlled";"vertical";"L2"
"TMLP_0038_L3";"de";"5-option multiple choice";"function(x) x+0";"automatic_controlled";"vertical";"L3"
"TMLP_0038_L3";"en";"5-option multiple choice";"function(x) x+0";"automatic_controlled";"vertical";"L3"
